{
  "honor": 0,
  "gold": 0,
  "helped_npc": false,
  "has_key": false,
  "beast_defeated": false,
  "has_sword": false,
  "potions": 0,
  "artifact_found": false,
  "guard_defeated": false,
  "quests": {
    "beast": "Помочь городу изгнать зверя",
    "key": "Найти способ открыть северную дверь",
    "dungeon": "Исследовать тайник у ворот"
  },
  "herbs": 0,
  "companion_joined": false,
  "last_location": "overworld",
  "defeated_enemies": [],
  "dungeon_fully_cleared": false,
  "level": 1,
  "xp": 0,
  "xp_to_next": 10,
  "base_atk": 2,
  "max_hp": 10,
  "artifact_level": 0,
  "run_number": 0,
  "miniboss_defeated": false,
  "final_boss_defeated": false
}